<?xml version="1.0" encoding="UTF-8"?>
<!DOCTYPE generatorConfiguration
  PUBLIC "-//mybatis.org//DTD MyBatis Generator Configuration 1.0//EN"
  "http://mybatis.org/dtd/mybatis-generator-config_1_0.dtd">

<generatorConfiguration>
	<!-- id随意/targetRuntime指定运行环境：MyBatis3-->
	<context id="joe" targetRuntime="MyBatis3">
		<commentGenerator>
			<!-- suppressAllComments如果为true，代表去掉生成的内容的注释-->
			<property name="suppressAllComments" value="true" />
		</commentGenerator>
		<!--数据库连接的信息：驱动类、连接地址、用户名、密码 -->
		<jdbcConnection driverClass="com.mysql.jdbc.Driver"
			connectionURL="jdbc:mysql://localhost:3306/joe" 
			userId="root"
			password="root">
		</jdbcConnection>
		<!-- oracle的链接信息 -->
		<!-- 
			<jdbcConnection driverClass="oracle.jdbc.OracleDriver"
				connectionURL="jdbc:oracle:thin:@127.0.0.1:1521:joe" 
				userId="joe"
				password="joe">
			</jdbcConnection>
		-->	
		<!-- 
			DECIMAL和NUMERIC类型解析方式，默认false
			为true时，会把DECIMAL和NUMERIC类型解析为java.math.BigDecimal
			为false时，会把DECIMAL和NUMERIC类型解析为java.lang.Integer
			-->
		<javaTypeResolver>
			<property name="forceBigDecimals" value="false" />
		</javaTypeResolver>

		<!-- targetProject指定生成pojo类的位置 -->
		<javaModelGenerator targetPackage="com.joe.pojo"
			targetProject=".\src">
			<!-- enableSubPackages:是否让schema作为包的后缀 -->
			<property name="enableSubPackages" value="false" />
			<!-- 从数据库返回的值被清理前后的空格 -->
			<property name="trimStrings" value="true" />
		</javaModelGenerator>
        <!-- targetProject指定生成mapper映射文件的位置 -->
		<sqlMapGenerator targetPackage="com.joe.mapper" 
			targetProject=".\src">
			<!-- enableSubPackages:是否让schema作为包的后缀 -->
			<property name="enableSubPackages" value="false" />
		</sqlMapGenerator>
		<!-- targetPackage指定生成mapper接口的位置 -->
		<javaClientGenerator type="XMLMAPPER"
			targetPackage="com.joe.mapper" 
			targetProject=".\src">
			<!-- enableSubPackages:是否让schema作为包的后缀 -->
			<property name="enableSubPackages" value="false" />
		</javaClientGenerator>
		<!-- 指定数据库表,schema可以空着不写，向逆向生成几个表，就写几个表 -->
		<table schema="" tableName="t_user"></table>
		<table schema="" tableName="t_role"></table>
		
		<!-- 自定义转换java类型，如：想把t_user表中的id转成Long类型数据 -->
		<!-- 
		<table schema="" tableName="t_user">
			<columnOverride column="id" javaType="java.lang.Long" />
		</table> 
		-->
	</context>
</generatorConfiguration>
